Workbook

Sheet הוראות
A1: מסלול תעשייה | שלב 2 | הובלת סגירת יוני 2026 | גלבוע תעשיות בע"מ (ת"א, IFRS)
A3: הסיפור: את החשבת החדשה של יצרנית אריזות ציבורית. רבעון 2 נסגר, והדוחות לבורסה צריכים לצאת בזמן.
A4: מקרא: תא צהוב = כאן ממלאים. עמודת "בדיקה" נצבעת בירוק (✓) כשהתשובה נכונה, ובאדום כשעוד לא. אל תציצי בנוסחת הבדיקה, היא מכילה את התשובה.
A5: טיפ ADHD: משימה אחת בכל פעם. כל גיליון הוא משימה של 15 עד 25 דקות. סיימת גיליון? קומי, מים, ואז הבא.
A7: משימה 1 ("מלאי מוגמר"): ירידת ערך לשווי מימוש נטו (IAS 2). שווי מימוש נטו = מחיר מכירה פחות עלויות מכירה.
A8: משימה 2 ("חומרי גלם"): מדיניות מלאי איטי: אין תנועה יותר מ-12 חודשים: הפרשה 50%. יותר מ-24 חודשים: 100%.
A9: שימי לב לגבולות: 12 חודשים בדיוק זה לא "יותר מ-12".
A10: משימה 3 ("הקמה"): קו ייצור 4 זמין לשימוש מ-15.6.2026. אילו עלויות מהוונים לרכוש קבוע לפי IAS 16?
A11: מדיניות החברה: פחת מתחיל מהחודש שאחרי הזמינות לשימוש.
A12: משימה 4 ("מט"ח"): שערוך יתרות באירו. שער 31.5: 4.05. שער 30.6: 4.12 (שקל לאירו).
A13: משימה 5 ("אנרגיה"): הפרשה לחשמל: קריאת מונה 1,480,000 קוט"ש, תעריף 0.62 ₪. החשבונית תגיע באוגוסט.
A14: משימה 6 ("שאלות"): ענו. כל תשובה נבדקת מיד.

Sheet מלאי מוגמר
A1: מק"ט | B1: תיאור | C1: כמות | D1: עלות ליחידה ₪ | E1: מחיר מכירה ₪ | F1: עלויות מכירה ₪ | G1: שווי מימוש נטו ₪ | H1: ירידת ערך ₪
A2: FG-01 | B2: קופסאות קרטון 30x40 | C2: 12000 | D2: 4.2 | E2: 6.5 | F2: 0.4 | G2: =E2-F2 | H2: =MAX(0,D2-G2)*C2
A3: FG-02 | B3: מגשי פלסטיק למזון | C3: 8000 | D3: 7.8 | E3: 7.5 | F3: 0.6 | G3: =E3-F3 | H3: =MAX(0,D3-G3)*C3
A4: FG-03 | B4: אריזות מזון מודפסות | C4: 25000 | D4: 1.9 | E4: 2.8 | F4: 0.2 | G4: =E4-F4 | H4: =MAX(0,D4-G4)*C4
A5: FG-04 | B5: משטחי אריזה תעשייתיים | C5: 1500 | D5: 64 | E5: 58 | F5: 5 | G5: =E5-F5 | H5: =MAX(0,D5-G5)*C5
A6: FG-05 | B6: שקיות ממוחזרות | C6: 40000 | D6: 0.55 | E6: 0.62 | F6: 0.1 | G6: =E6-F6 | H6: =MAX(0,D6-G6)*C6
H7: =SUM(H2:H6)

Sheet חומרי גלם
A1: מק"ט | B1: תיאור | C1: כמות | D1: עלות ליחידה ₪ | E1: תנועה אחרונה | F1: חודשים בלי תנועה | G1: שיעור הפרשה | H1: הפרשה ₪
A2: RM-01 | B2: גליל קרטון (טון) | C2: 180 | D2: 3200 | E2: 46143 | F2: =(2026-YEAR(E2))*12+(6-MONTH(E2)) | G2: =IF(F2>24,1,IF(F2>12,0.5,0)) | H2: =C2*D2*G2
A3: RM-02 | B3: גרגרי פוליאתילן (טון) | C3: 45 | D3: 7400 | E3: 45717 | F3: =(2026-YEAR(E3))*12+(6-MONTH(E3)) | G3: =IF(F3>24,1,IF(F3>12,0.5,0)) | H3: =C3*D3*G3
A4: RM-03 | B4: דיו למזון (ליטר) | C4: 1200 | D4: 38 | E4: 45323 | F4: =(2026-YEAR(E4))*12+(6-MONTH(E4)) | G4: =IF(F4>24,1,IF(F4>12,0.5,0)) | H4: =C4*D4*G4
A5: RM-04 | B5: דבק תעשייתי (ק"ג) | C5: 900 | D5: 22 | E5: 46054 | F5: =(2026-YEAR(E5))*12+(6-MONTH(E5)) | G5: =IF(F5>24,1,IF(F5>12,0.5,0)) | H5: =C5*D5*G5
A6: RM-05 | B6: סרט עטיפה (גליל) | C6: 350 | D6: 410 | E6: 45809 | F6: =(2026-YEAR(E6))*12+(6-MONTH(E6)) | G6: =IF(F6>24,1,IF(F6>12,0.5,0)) | H6: =C6*D6*G6
H7: =SUM(H2:H6)
A9: יתרת הפרשה למלאי בספרים לפני הסגירה ₪ | D9: 180000

Sheet הקמה
A1: עלות שנצברה בנכס בהקמה | B1: סכום ₪ | C1: להוון? (כן/לא)
A2: ציוד קו ייצור 4 | B2: 3200000 | C2: כן
A3: התקנה והרכבה | B3: 260000 | C3: כן
A4: בדיקות הרצה (נטו ממכירת דוגמאות) | B4: 45000 | C4: כן
A5: הדרכת עובדים על הקו | B5: 38000 | C5: לא
A6: העמסת תקורות הנהלה כלליות | B6: 52000 | C6: לא

Sheet מט"ח
A1: יתרה | B1: סכום € | C1: שער 31.5 | D1: שער 30.6 | E1: רווח (הפסד) ₪
A2: ספקים באירו (התחייבות) | B2: -1200000 | C2: 4.05 | D2: 4.12 | E2: =B2*(D2-C2)
A3: לקוחות באירו (נכס) | B3: 650000 | C3: 4.05 | D3: 4.12 | E3: =B3*(D3-C3)

Sheet שאלות
A1: שאלה | B1: התשובה שלך | C1: בדיקה
A2: ירידת ערך מלאי מוגמר (שווי מימוש נטו) ₪ | B2: ='מלאי מוגמר'!H7 | C2: =IF(B2="","",IF(ABS(B2-(24900))<=1.0,"✓ נכון","✗ עוד לא"))
A3: הפרשה למלאי איטי בחומרי גלם ₪ | B3: ='חומרי גלם'!H7 | C3: =IF(B3="","",IF(ABS(B3-(212100))<=1.0,"✓ נכון","✗ עוד לא"))
A4: סך הפרשה נדרשת למלאי ₪ | B4: ='מלאי מוגמר'!H7+'חומרי גלם'!H7 | C4: =IF(B4="","",IF(ABS(B4-(237000))<=1.0,"✓ נכון","✗ עוד לא"))
A5: סכום הפקודה להשלמת ההפרשה ₪ | B5: ='מלאי מוגמר'!H7+'חומרי גלם'!H7-'חומרי גלם'!D9 | C5: =IF(B5="","",IF(ABS(B5-(57000))<=1.0,"✓ נכון","✗ עוד לא"))
A6: סכום להוון לרכוש קבוע (קו 4) ₪ | B6: 3505000 | C6: =IF(B6="","",IF(ABS(B6-(3505000))<=1.0,"✓ נכון","✗ עוד לא"))
A7: סכום לרשום כהוצאה במקום להוון ₪ | B7: 90000 | C7: =IF(B7="","",IF(ABS(B7-(90000))<=1.0,"✓ נכון","✗ עוד לא"))
A8: פחת קו 4 שנרשם ביוני ₪ | B8: 0 | C8: =IF(B8="","",IF(ABS(B8-(0))<=1.0,"✓ נכון","✗ עוד לא"))
A9: רווח (הפסד) נטו משערוך אירו ₪ (הפסד במינוס) | B9: =SUM('מט"ח'!E2:E3) | C9: =IF(B9="","",IF(ABS(B9-(-38500))<=1.0,"✓ נכון","✗ עוד לא"))
A10: הפרשה לחשמל יוני ₪ | B10: =1480000*0.62 | C10: =IF(B10="","",IF(ABS(B10-(917600))<=1.0,"✓ נכון","✗ עוד לא"))
A13: FG-02, FG-04, FG-05: שווי המימוש נמוך מהעלות. FG-05 קטן, אבל מצטבר.
A14: RM-05: בדיוק 12 חודשים, לא יותר, ולכן 0. RM-02: 15 חודשים, 50%. RM-03: 28 חודשים, 100%.
A15: IAS 16: הדרכת עובדים ותקורות הנהלה כלליות אינן עלות שניתן לייחס ישירות להבאת הנכס למצב שימוש. הוצאה.
A16: פחת: זמין לשימוש ב-15.6, ולפי המדיניות מתחילים ביולי. ביוני 0.
A17: מט"ח: האירו התחזק. על ההתחייבות הפסד, על הנכס רווח. בודקים גם עסקאות גידור אם יש.
