Workbook

Sheet הוראות
A1: שלב 2 | פקודות יומן | קפה נחת בע"מ
A3: הסיפור: פתחת בית קפה קטן בשם "קפה נחת בע"מ". את החשבת. כל כסף שזז צריך להירשם.
A4: מקרא צבעים: כותרת כהה = נתון קבוע. תא צהוב = כאן את ממלאת. בקובץ הפתרון תאים ירוקים = התשובה.
A6: שלב 1: פתחי את הגיליון "עסקאות" וקראי כל עסקה. שאלי את עצמך: מה נכנס? מה יצא?
A7: שלב 2: פתחי את הגיליון "רשימת חשבונות". מכאן בוחרים שמות חשבונות. לא ממציאים שמות חדשים.
A8: שלב 3: בגיליון "פקודות יומן" רשמי לכל עסקה שורה אחת או יותר: חשבון, חובה, זכות.
A9: שלב 4: בדיקה. בכל פקודה סכום החובה חייב להיות שווה לסכום הזכות. עמודת הבדיקה צריכה להראות 0.
A10: שלב 5: בגיליון "מאזן בוחן" סכמי לכל חשבון את כל החובה ואת כל הזכות (רמז: SUMIFS).
A11: שלב 6: בדיקה אחרונה. סך כל החובה במאזן הבוחן = סך כל הזכות. אם לא, יש טעות. חפשי אותה.
A13: טיפ ADHD: עשי 3 עסקאות, קומי לשתות מים, עוד 3 עסקאות. 12 עסקאות = 4 סבבים קצרים.
A14: טיפ: מע"מ בישראל הוא 18%. מחיר "כולל מע"מ" מחלקים ב-1.18 כדי לקבל את המחיר בלי מע"מ.

Sheet עסקאות
A1: מס' עסקה | B1: תאריך | C1: מה קרה
A2: 1 | B2: 02/01/2026 | C2: בעלת המניות הפקידה 100,000 ₪ בחשבון הבנק של החברה כהון ראשוני
A3: 2 | B3: 03/01/2026 | C3: קנינו מכונת אספרסו ב-30,000 ₪ + מע"מ, שולם בהעברה בנקאית
A4: 3 | B4: 05/01/2026 | C4: קנינו פולי קפה מספק ב-5,000 ₪ + מע"מ, נשלם בעוד 30 יום (באשראי)
A5: 4 | B5: 31/01/2026 | C5: מכירות בקופה בחודש ינואר: 23,600 ₪ כולל מע"מ, נכנסו לבנק
A6: 5 | B6: 01/01/2026 | C6: שילמנו שכירות לחודש ינואר: 8,000 ₪ + מע"מ
A7: 6 | B7: 04/02/2026 | C7: שילמנו לספק הפולים את החוב מעסקה 3
A8: 7 | B8: 20/01/2026 | C8: הוצאנו חשבונית ללקוח עסקי על אירוע: 10,000 ₪ + מע"מ, ישלם בעוד 30 יום
A9: 8 | B9: 10/01/2026 | C9: קיבלנו הלוואה מהבנק: 50,000 ₪
A10: 9 | B10: 31/01/2026 | C10: שילמנו משכורות לעובדים: 12,000 ₪ (בפשטות, בלי ניכויים)
A11: 10 | B11: 25/01/2026 | C11: חשבון חשמל: 1,180 ₪ כולל מע"מ, שולם מהבנק
A12: 11 | B12: 19/02/2026 | C12: הלקוח העסקי מעסקה 7 שילם את כל החוב
A13: 12 | B13: 28/01/2026 | C13: קיבלנו חשבונית על פרסום באינסטגרם: 2,000 ₪ + מע"מ, עוד לא שילמנו

Sheet רשימת חשבונות
A1: שם חשבון | B1: סוג
A2: בנק | B2: נכס
A3: לקוחות | B3: נכס
A4: קניות מלאי | B4: הוצאה
A5: ציוד (רכוש קבוע) | B5: נכס
A6: מע"מ תשומות | B6: נכס
A7: ספקים | B7: התחייבות
A8: מע"מ עסקאות | B8: התחייבות
A9: הלוואה מבנק | B9: התחייבות
A10: הון מניות | B10: הון
A11: הכנסות ממכירות | B11: הכנסה
A12: הוצאות שכירות | B12: הוצאה
... A15: הוצאות פרסום | B15: הוצאה

Sheet פקודות יומן
A1: מס' עסקה | B1: חשבון | C1: חובה | D1: זכות | F1: מס' עסקה | G1: בדיקה: חובה פחות זכות (חייב 0)
A2: 1 | B2: בנק | C2: 100000 | F2: 1 | G2: =SUMIFS($C$2:$C$32,$A$2:$A$32,F2)-SUMIFS($D$2:$D$32,$A$2:$A$32,F2)
A3: 1 | B3: הון מניות | D3: 100000 | F3: 2 | G3: =SUMIFS($C$2:$C$32,$A$2:$A$32,F3)-SUMIFS($D$2:$D$32,$A$2:$A$32,F3)
A4: 2 | B4: ציוד (רכוש קבוע) | C4: 30000 | F4: 3 | G4: =SUMIFS($C$2:$C$32,$A$2:$A$32,F4)-SUMIFS($D$2:$D$32,$A$2:$A$32,F4)
A5: 2 | B5: מע"מ תשומות | C5: 5400 | F5: 4 | G5: =SUMIFS($C$2:$C$32,$A$2:$A$32,F5)-SUMIFS($D$2:$D$32,$A$2:$A$32,F5)
A6: 2 | B6: בנק | D6: 35400 | F6: 5 | G6: =SUMIFS($C$2:$C$32,$A$2:$A$32,F6)-SUMIFS($D$2:$D$32,$A$2:$A$32,F6)
A7: 3 | B7: קניות מלאי | C7: 5000 | F7: 6 | G7: =SUMIFS($C$2:$C$32,$A$2:$A$32,F7)-SUMIFS($D$2:$D$32,$A$2:$A$32,F7)
A8: 3 | B8: מע"מ תשומות | C8: 900 | F8: 7 | G8: =SUMIFS($C$2:$C$32,$A$2:$A$32,F8)-SUMIFS($D$2:$D$32,$A$2:$A$32,F8)
A9: 3 | B9: ספקים | D9: 5900 | F9: 8 | G9: =SUMIFS($C$2:$C$32,$A$2:$A$32,F9)-SUMIFS($D$2:$D$32,$A$2:$A$32,F9)
A10: 4 | B10: בנק | C10: 23600 | F10: 9 | G10: =SUMIFS($C$2:$C$32,$A$2:$A$32,F10)-SUMIFS($D$2:$D$32,$A$2:$A$32,F10)
A11: 4 | B11: הכנסות ממכירות | D11: 20000 | F11: 10 | G11: =SUMIFS($C$2:$C$32,$A$2:$A$32,F11)-SUMIFS($D$2:$D$32,$A$2:$A$32,F11)
A12: 4 | B12: מע"מ עסקאות | D12: 3600 | F12: 11 | G12: =SUMIFS($C$2:$C$32,$A$2:$A$32,F12)-SUMIFS($D$2:$D$32,$A$2:$A$32,F12)
A13: 5 | B13: הוצאות שכירות | C13: 8000 | F13: 12 | G13: =SUMIFS($C$2:$C$32,$A$2:$A$32,F13)-SUMIFS($D$2:$D$32,$A$2:$A$32,F13)
A14: 5 | B14: מע"מ תשומות | C14: 1440
A15: 5 | B15: בנק | D15: 9440
A16: 6 | B16: ספקים | C16: 5900
A17: 6 | B17: בנק | D17: 5900
A18: 7 | B18: לקוחות | C18: 11800
A19: 7 | B19: הכנסות ממכירות | D19: 10000
A20: 7 | B20: מע"מ עסקאות | D20: 1800
A21: 8 | B21: בנק | C21: 50000
A22: 8 | B22: הלוואה מבנק | D22: 50000
A23: 9 | B23: הוצאות שכר | C23: 12000
A24: 9 | B24: בנק | D24: 12000
A25: 10 | B25: הוצאות חשמל | C25: 1000
A26: 10 | B26: מע"מ תשומות | C26: 180
A27: 10 | B27: בנק | D27: 1180
A28: 11 | B28: בנק | C28: 11800
A29: 11 | B29: לקוחות | D29: 11800
A30: 12 | B30: הוצאות פרסום | C30: 2000
A31: 12 | B31: מע"מ תשומות | C31: 360
A32: 12 | B32: ספקים | D32: 2360

Sheet מאזן בוחן
A1: חשבון | B1: סוג | C1: סה"כ חובה | D1: סה"כ זכות | E1: יתרה (חובה פלוס / זכות מינוס)
A2: בנק | B2: נכס | C2: =SUMIFS('פקודות יומן'!$C:$C,'פקודות יומן'!$B:$B,A2) | D2: =SUMIFS('פקודות יומן'!$D:$D,'פקודות יומן'!$B:$B,A2) | E2: =C2-D2
A3: לקוחות | B3: נכס | C3: =SUMIFS('פקודות יומן'!$C:$C,'פקודות יומן'!$B:$B,A3) | D3: =SUMIFS('פקודות יומן'!$D:$D,'פקודות יומן'!$B:$B,A3) | E3: =C3-D3
A4: קניות מלאי | B4: הוצאה | C4: =SUMIFS('פקודות יומן'!$C:$C,'פקודות יומן'!$B:$B,A4) | D4: =SUMIFS('פקודות יומן'!$D:$D,'פקודות יומן'!$B:$B,A4) | E4: =C4-D4
A5: ציוד (רכוש קבוע) | B5: נכס | C5: =SUMIFS('פקודות יומן'!$C:$C,'פקודות יומן'!$B:$B,A5) | D5: =SUMIFS('פקודות יומן'!$D:$D,'פקודות יומן'!$B:$B,A5) | E5: =C5-D5
A6: מע"מ תשומות | B6: נכס | C6: =SUMIFS('פקודות יומן'!$C:$C,'פקודות יומן'!$B:$B,A6) | D6: =SUMIFS('פקודות יומן'!$D:$D,'פקודות יומן'!$B:$B,A6) | E6: =C6-D6
A7: ספקים | B7: התחייבות | C7: =SUMIFS('פקודות יומן'!$C:$C,'פקודות יומן'!$B:$B,A7) | D7: =SUMIFS('פקודות יומן'!$D:$D,'פקודות יומן'!$B:$B,A7) | E7: =C7-D7
A8: מע"מ עסקאות | B8: התחייבות | C8: =SUMIFS('פקודות יומן'!$C:$C,'פקודות יומן'!$B:$B,A8) | D8: =SUMIFS('פקודות יומן'!$D:$D,'פקודות יומן'!$B:$B,A8) | E8: =C8-D8
A9: הלוואה מבנק | B9: התחייבות | C9: =SUMIFS('פקודות יומן'!$C:$C,'פקודות יומן'!$B:$B,A9) | D9: =SUMIFS('פקודות יומן'!$D:$D,'פקודות יומן'!$B:$B,A9) | E9: =C9-D9
A10: הון מניות | B10: הון | C10: =SUMIFS('פקודות יומן'!$C:$C,'פקודות יומן'!$B:$B,A10) | D10: =SUMIFS('פקודות יומן'!$D:$D,'פקודות יומן'!$B:$B,A10) | E10: =C10-D10
A11: הכנסות ממכירות | B11: הכנסה | C11: =SUMIFS('פקודות יומן'!$C:$C,'פקודות יומן'!$B:$B,A11) | D11: =SUMIFS('פקודות יומן'!$D:$D,'פקודות יומן'!$B:$B,A11) | E11: =C11-D11
A12: הוצאות שכירות | B12: הוצאה | C12: =SUMIFS('פקודות יומן'!$C:$C,'פקודות יומן'!$B:$B,A12) | D12: =SUMIFS('פקודות יומן'!$D:$D,'פקודות יומן'!$B:$B,A12) | E12: =C12-D12
A13: הוצאות שכר | B13: הוצאה | C13: =SUMIFS('פקודות יומן'!$C:$C,'פקודות יומן'!$B:$B,A13) | D13: =SUMIFS('פקודות יומן'!$D:$D,'פקודות יומן'!$B:$B,A13) | E13: =C13-D13
... A15: הוצאות פרסום | B15: הוצאה | C15: =SUMIFS('פקודות יומן'!$C:$C,'פקודות יומן'!$B:$B,A15) | D15: =SUMIFS('פקודות יומן'!$D:$D,'פקודות יומן'!$B:$B,A15) | E15: =C15-D15
A16: סה"כ | C16: =SUM(C2:C15) | D16: =SUM(D2:D15) | E16: =SUM(E2:E15)
A18: אם תא E האחרון מראה 0, המאזן מאוזן. כל הכבוד!
