Workbook

Sheet הוראות
A1: שלב 4 | אקסל לחשבת | חברת "אספקת בוקר בע"מ" | מכירות ינואר עד יוני 2026
A3: הסיפור: המנכ"ל שואל שאלות על המכירות. יש לך קובץ גולמי מהמערכת (ייצוא). התשובות צריכות להיות מדויקות.
A4: מקרא צבעים: כותרת כהה = נתון קבוע. תא צהוב = כאן את ממלאת. בקובץ הפתרון תאים ירוקים = התשובה.
A6: משימה 1 (XLOOKUP): בגיליון "מכירות" מלאי בעמודה G את שם הלקוח מגיליון "לקוחות".
A7: נוסחה לדוגמה: =XLOOKUP(C2,'לקוחות'!A:A,'לקוחות'!B:B,"לא נמצא")
A8: משימה 2: בעמודה H חשבי סכום לפני מע"מ = כמות × מחיר. בעמודה I: חודש =MONTH(A2).
A9: משימה 3 (עלות ורווח): בעמודה J הביאי עלות ליחידה מגיליון "מוצרים" וחשבי בעמודה K רווח גולמי = (מחיר - עלות) × כמות.
A10: משימה 4 (SUMIFS): בגיליון "שאלות המנכ"ל" ענו על כל השאלות בתאים הצהובים.
A11: משימה 5 (טבלת ציר / Pivot): הוסיפי > טבלת ציר. שורות = שם לקוח. עמודות = חודש. ערכים = סכום.
A12: משימה 6 (בקרה): מצאי חשבוניות כפולות. רמז: =COUNTIF(B:B,B2)>1 ואז סינון.
A13: משימה 7 (בקרה): מצאי שורות עם קוד לקוח שלא קיים ברשימת הלקוחות. (משימה 1 כבר תראה "לא נמצא".)
A15: למה זה חשוב? בראיון לחשבת כמעט תמיד יש מבחן אקסל. 80% מהמבחנים בודקים בדיוק את הכלים האלה.
A16: אין לך XLOOKUP (אקסל ישן)? השתמשי ב-INDEX ו-MATCH או ב-VLOOKUP.

Sheet מכירות
A1: תאריך | B1: מס' חשבונית | C1: קוד לקוח | D1: קוד מוצר | E1: כמות | F1: מחיר ליחידה | G1: שם לקוח | H1: סכום לפני מע"מ | I1: חודש | J1: עלות ליחידה | K1: רווח גולמי | L1: כפולה?
A2: 46023 | B2: 50001 | C2: C104 | D2: P05 | E2: 14 | F2: 150 | G2: =IFERROR(INDEX('לקוחות'!$B:$B,MATCH(C2,'לקוחות'!$A:$A,0)),"לא נמצא") | H2: =E2*F2 | I2: =MONTH(A2) | J2: =INDEX('מוצרים'!$D:$D,MATCH(D2,'מוצרים'!$A:$A,0)) | K2: =(F2-J2)*E2 | L2: =IF(COUNTIF($B:$B,B2)>1,"כפולה","")
A3: 46023 | B3: 50002 | C3: C108 | D3: P08 | E3: 27 | F3: 179 | G3: =IFERROR(INDEX('לקוחות'!$B:$B,MATCH(C3,'לקוחות'!$A:$A,0)),"לא נמצא") | H3: =E3*F3 | I3: =MONTH(A3) | J3: =INDEX('מוצרים'!$D:$D,MATCH(D3,'מוצרים'!$A:$A,0)) | K3: =(F3-J3)*E3 | L3: =IF(COUNTIF($B:$B,B3)>1,"כפולה","")
A4: 46024 | B4: 50003 | C4: C105 | D4: P05 | E4: 25 | F4: 150 | G4: =IFERROR(INDEX('לקוחות'!$B:$B,MATCH(C4,'לקוחות'!$A:$A,0)),"לא נמצא") | H4: =E4*F4 | I4: =MONTH(A4) | J4: =INDEX('מוצרים'!$D:$D,MATCH(D4,'מוצרים'!$A:$A,0)) | K4: =(F4-J4)*E4 | L4: =IF(COUNTIF($B:$B,B4)>1,"כפולה","")
A5: 46026 | B5: 50004 | C5: C106 | D5: P08 | E5: 7 | F5: 199 | G5: =IFERROR(INDEX('לקוחות'!$B:$B,MATCH(C5,'לקוחות'!$A:$A,0)),"לא נמצא") | H5: =E5*F5 | I5: =MONTH(A5) | J5: =INDEX('מוצרים'!$D:$D,MATCH(D5,'מוצרים'!$A:$A,0)) | K5: =(F5-J5)*E5 | L5: =IF(COUNTIF($B:$B,B5)>1,"כפולה","")
A6: 46026 | B6: 50005 | C6: C109 | D6: P05 | E6: 31 | F6: 150 | G6: =IFERROR(INDEX('לקוחות'!$B:$B,MATCH(C6,'לקוחות'!$A:$A,0)),"לא נמצא") | H6: =E6*F6 | I6: =MONTH(A6) | J6: =INDEX('מוצרים'!$D:$D,MATCH(D6,'מוצרים'!$A:$A,0)) | K6: =(F6-J6)*E6 | L6: =IF(COUNTIF($B:$B,B6)>1,"כפולה","")
A7: 46027 | B7: 50006 | C7: C105 | D7: P05 | E7: 12 | F7: 150 | G7: =IFERROR(INDEX('לקוחות'!$B:$B,MATCH(C7,'לקוחות'!$A:$A,0)),"לא נמצא") | H7: =E7*F7 | I7: =MONTH(A7) | J7: =INDEX('מוצרים'!$D:$D,MATCH(D7,'מוצרים'!$A:$A,0)) | K7: =(F7-J7)*E7 | L7: =IF(COUNTIF($B:$B,B7)>1,"כפולה","")
A8: 46028 | B8: 50007 | C8: C109 | D8: P03 | E8: 16 | F8: 13 | G8: =IFERROR(INDEX('לקוחות'!$B:$B,MATCH(C8,'לקוחות'!$A:$A,0)),"לא נמצא") | H8: =E8*F8 | I8: =MONTH(A8) | J8: =INDEX('מוצרים'!$D:$D,MATCH(D8,'מוצרים'!$A:$A,0)) | K8: =(F8-J8)*E8 | L8: =IF(COUNTIF($B:$B,B8)>1,"כפולה","")
A9: 46029 | B9: 50008 | C9: C108 | D9: P04 | E9: 35 | F9: 32 | G9: =IFERROR(INDEX('לקוחות'!$B:$B,MATCH(C9,'לקוחות'!$A:$A,0)),"לא נמצא") | H9: =E9*F9 | I9: =MONTH(A9) | J9: =INDEX('מוצרים'!$D:$D,MATCH(D9,'מוצרים'!$A:$A,0)) | K9: =(F9-J9)*E9 | L9: =IF(COUNTIF($B:$B,B9)>1,"כפולה","")
A10: 46029 | B10: 50009 | C10: C102 | D10: P01 | E10: 23 | F10: 85 | G10: =IFERROR(INDEX('לקוחות'!$B:$B,MATCH(C10,'לקוחות'!$A:$A,0)),"לא נמצא") | H10: =E10*F10 | I10: =MONTH(A10) | J10: =INDEX('מוצרים'!$D:$D,MATCH(D10,'מוצרים'!$A:$A,0)) | K10: =(F10-J10)*E10 | L10: =IF(COUNTIF($B:$B,B10)>1,"כפולה","")
A11: 46030 | B11: 50010 | C11: C101 | D11: P04 | E11: 15 | F11: 32 | G11: =IFERROR(INDEX('לקוחות'!$B:$B,MATCH(C11,'לקוחות'!$A:$A,0)),"לא נמצא") | H11: =E11*F11 | I11: =MONTH(A11) | J11: =INDEX('מוצרים'!$D:$D,MATCH(D11,'מוצרים'!$A:$A,0)) | K11: =(F11-J11)*E11 | L11: =IF(COUNTIF($B:$B,B11)>1,"כפולה","")
A12: 46030 | B12: 50011 | C12: C100 | D12: P06 | E12: 4 | F12: 70 | G12: =IFERROR(INDEX('לקוחות'!$B:$B,MATCH(C12,'לקוחות'!$A:$A,0)),"לא נמצא") | H12: =E12*F12 | I12: =MONTH(A12) | J12: =INDEX('מוצרים'!$D:$D,MATCH(D12,'מוצרים'!$A:$A,0)) | K12: =(F12-J12)*E12 | L12: =IF(COUNTIF($B:$B,B12)>1,"כפולה","")
A13: 46030 | B13: 50012 | C13: C100 | D13: P08 | E13: 26 | F13: 199 | G13: =IFERROR(INDEX('לקוחות'!$B:$B,MATCH(C13,'לקוחות'!$A:$A,0)),"לא נמצא") | H13: =E13*F13 | I13: =MONTH(A13) | J13: =INDEX('מוצרים'!$D:$D,MATCH(D13,'מוצרים'!$A:$A,0)) | K13: =(F13-J13)*E13 | L13: =IF(COUNTIF($B:$B,B13)>1,"כפולה","")
... A404: 46203 | B404: 50400 | C404: C104 | D404: P08 | E404: 5 | F404: 199 | G404: =IFERROR(INDEX('לקוחות'!$B:$B,MATCH(C404,'לקוחות'!$A:$A,0)),"לא נמצא") | H404: =E404*F404 | I404: =MONTH(A404) | J404: =INDEX('מוצרים'!$D:$D,MATCH(D404,'מוצרים'!$A:$A,0)) | K404: =(F404-J404)*E404 | L404: =IF(COUNTIF($B:$B,B404)>1,"כפולה","")

Sheet לקוחות
A1: קוד לקוח | B1: שם לקוח | C1: עיר | D1: תנאי תשלום (ימים)
A2: C100 | B2: רשת מזון השרון | C2: נתניה | D2: 30
A3: C101 | B3: סופר גליל | C3: כרמיאל | D3: 60
A4: C102 | B4: מרכולית הדרום | C4: באר שבע | D4: 45
A5: C103 | B5: קפה פינתי | C5: תל אביב | D5: 30
A6: C104 | B6: מלון הים | C6: אילת | D6: 60
A7: C105 | B7: קייטרינג זהב | C7: חיפה | D7: 30
A8: C106 | B8: בית ספר אורט | C8: ירושלים | D8: 90
A9: C107 | B9: מסעדת זית | C9: ראשון לציון | D9: 30
A10: C108 | B10: מיני מרקט הכפר | C10: עפולה | D10: 45
A11: C109 | B11: בית אבות נווה | C11: רחובות | D11: 60

Sheet מוצרים
A1: קוד מוצר | B1: שם מוצר | C1: קטגוריה | D1: עלות ליחידה | E1: מחיר מחירון
A2: P01 | B2: פולי קפה 1 ק"ג | C2: קפה | D2: 48 | E2: 85
A3: P02 | B3: קפסולות 100 יח' | C3: קפה | D3: 60 | E3: 110
A4: P03 | B4: חלב שיבולת 1 ל' | C4: משקאות | D4: 7 | E4: 13
A5: P04 | B5: סירופ וניל | C5: משקאות | D5: 18 | E5: 32
A6: P05 | B6: כוסות נייר 1000 | C6: חד פעמי | D6: 90 | E6: 150
A7: P06 | B7: מכסים 1000 | C7: חד פעמי | D7: 40 | E7: 70
A8: P07 | B8: עוגיות חמאה ארגז | C8: מאפים | D8: 55 | E8: 95
A9: P08 | B9: קרואסון קפוא 50 | C9: מאפים | D9: 120 | E9: 199

Sheet שאלות המנכ"ל
A1: שאלה | B1: תשובה | C1: איך
A2: מה סך המכירות (לפני מע"מ) בכל הקובץ, כולל הכפולות? | B2: 801287 | C2: נוסחה אפשרית: =SUM('מכירות'!H:H)
A3: מה סך המכירות בחודש יוני? | B3: 144576 | C3: נוסחה אפשרית: =SUMIFS('מכירות'!H:H,'מכירות'!I:I,6)
A4: איזה לקוח (קוד) קנה הכי הרבה? (רמז: טבלת ציר) | B4: C108
A5: כמה מכרנו בקטגוריית "קפה"? (רמז: הוסיפי עמודת קטגוריה) | B5: 214100
A6: מה הרווח הגולמי הכולל? | B6: 332165 | C6: נוסחה אפשרית: =SUM('מכירות'!K:K)
A7: כמה חשבוניות כפולות מצאת? | B7: 3 | C7: נוסחה אפשרית: =COUNTIF('מכירות'!L:L,"כפולה")/2
A8: מה סך המכירות אחרי מחיקת הכפולות? | B8: 792457
A9: בכמה אחוזים השתנו המכירות מרבעון 1 לרבעון 2? | B9: 0.23791303
A10: אילו קודי לקוח לא קיימים ברשימה? | B10: C111, C112
