Workbook

Sheet הוראות
A1: שלב 5 | לקוחות, גיול חובות ומע"מ | אספקת בוקר בע"מ | 30.6.2026
A3: הסיפור: סוף יוני. הבנק שואל כמה כסף הלקוחות חייבים ומתי ייכנס. בנוסף צריך להכין את דוח המע"מ של יוני.
A4: מקרא צבעים: כותרת כהה = נתון קבוע. תא צהוב = כאן את ממלאת. בקובץ הפתרון תאים ירוקים = התשובה.
A6: חלק א: גיול לקוחות (Aging)
A7: שלב 1: בגיליון "חשבוניות פתוחות" חשבי בעמודה G ימי פיגור = תאריך הדוח (30/06/2026) פחות תאריך פירעון. אם שלילי, אין פיגור.
A8: שלב 2: בעמודה H שייכי כל חשבונית לדלי: לא בפיגור / 1-30 / 31-60 / 61-90 / מעל 90. (רמז: IFS או VLOOKUP עם התאמה משוערת)
A9: שלב 3: בעמודה I חשבי הפרשה לחובות מסופקים לפי טבלת השיעורים בגיליון "מדיניות הפרשה".
A10: שלב 4: בגיליון "סיכום גיול" סכמי לפי דלי. מי 3 הלקוחות עם הכי הרבה חוב מעל 90 יום? למי תתקשרי קודם?
A12: חלק ב: דוח מע"מ חודשי
A13: שלב 5: בגיליון "מע"מ יוני" חשבי מע"מ עסקאות 18% על המכירות. יצוא: מע"מ 0%.
A14: שלב 6: חשבי מע"מ תשומות על הקניות. רק מה שמותר לקיזוז נכנס לחישוב.
A15: שלב 7: מע"מ לתשלום = מע"מ עסקאות פחות מע"מ תשומות מותר. אם יוצא שלילי, זה החזר.
A17: הערה: הכללים כאן פשוטים לצורכי לימוד. בפועל יש כללים מפורטים (למשל רכב, כיבוד, חשבוניות עם מספר הקצאה). תמיד בודקים מול יועץ המס.

Sheet חשבוניות פתוחות
A1: מס' חשבונית | B1: לקוח | C1: תאריך חשבונית | D1: תנאי תשלום | E1: תאריך פירעון | F1: יתרה פתוחה (כולל מע"מ) | G1: ימי פיגור | H1: דלי גיול | I1: הפרשה לחובות מסופקים
A2: 7001 | B2: מרכולית הדרום | C2: 46003 | D2: 45 | E2: 46048 | F2: 29140 | G2: =MAX(0,DATE(2026,6,30)-E2) | H2: =IF(G2=0,"לא בפיגור",IF(G2<=30,"1-30",IF(G2<=60,"31-60",IF(G2<=90,"61-90","מעל 90")))) | I2: =F2*VLOOKUP(H2,'מדיניות הפרשה'!$A:$B,2,FALSE)
A3: 7002 | B3: בית ספר אורט | C3: 46003 | D3: 45 | E3: 46048 | F3: 6780 | G3: =MAX(0,DATE(2026,6,30)-E3) | H3: =IF(G3=0,"לא בפיגור",IF(G3<=30,"1-30",IF(G3<=60,"31-60",IF(G3<=90,"61-90","מעל 90")))) | I3: =F3*VLOOKUP(H3,'מדיניות הפרשה'!$A:$B,2,FALSE)
A4: 7003 | B4: מלון הים | C4: 46003 | D4: 30 | E4: 46033 | F4: 29710 | G4: =MAX(0,DATE(2026,6,30)-E4) | H4: =IF(G4=0,"לא בפיגור",IF(G4<=30,"1-30",IF(G4<=60,"31-60",IF(G4<=90,"61-90","מעל 90")))) | I4: =F4*VLOOKUP(H4,'מדיניות הפרשה'!$A:$B,2,FALSE)
A5: 7004 | B5: מיני מרקט הכפר | C5: 46043 | D5: 30 | E5: 46073 | F5: 20480 | G5: =MAX(0,DATE(2026,6,30)-E5) | H5: =IF(G5=0,"לא בפיגור",IF(G5<=30,"1-30",IF(G5<=60,"31-60",IF(G5<=90,"61-90","מעל 90")))) | I5: =F5*VLOOKUP(H5,'מדיניות הפרשה'!$A:$B,2,FALSE)
A6: 7005 | B6: מסעדת זית | C6: 46043 | D6: 60 | E6: 46103 | F6: 13450 | G6: =MAX(0,DATE(2026,6,30)-E6) | H6: =IF(G6=0,"לא בפיגור",IF(G6<=30,"1-30",IF(G6<=60,"31-60",IF(G6<=90,"61-90","מעל 90")))) | I6: =F6*VLOOKUP(H6,'מדיניות הפרשה'!$A:$B,2,FALSE)
A7: 7006 | B7: בית אבות נווה | C7: 46073 | D7: 45 | E7: 46118 | F7: 23790 | G7: =MAX(0,DATE(2026,6,30)-E7) | H7: =IF(G7=0,"לא בפיגור",IF(G7<=30,"1-30",IF(G7<=60,"31-60",IF(G7<=90,"61-90","מעל 90")))) | I7: =F7*VLOOKUP(H7,'מדיניות הפרשה'!$A:$B,2,FALSE)
A8: 7007 | B8: בית אבות נווה | C8: 46073 | D8: 45 | E8: 46118 | F8: 6010 | G8: =MAX(0,DATE(2026,6,30)-E8) | H8: =IF(G8=0,"לא בפיגור",IF(G8<=30,"1-30",IF(G8<=60,"31-60",IF(G8<=90,"61-90","מעל 90")))) | I8: =F8*VLOOKUP(H8,'מדיניות הפרשה'!$A:$B,2,FALSE)
A9: 7008 | B9: מיני מרקט הכפר | C9: 46093 | D9: 30 | E9: 46123 | F9: 38490 | G9: =MAX(0,DATE(2026,6,30)-E9) | H9: =IF(G9=0,"לא בפיגור",IF(G9<=30,"1-30",IF(G9<=60,"31-60",IF(G9<=90,"61-90","מעל 90")))) | I9: =F9*VLOOKUP(H9,'מדיניות הפרשה'!$A:$B,2,FALSE)
A10: 7009 | B10: מרכולית הדרום | C10: 46093 | D10: 30 | E10: 46123 | F10: 27580 | G10: =MAX(0,DATE(2026,6,30)-E10) | H10: =IF(G10=0,"לא בפיגור",IF(G10<=30,"1-30",IF(G10<=60,"31-60",IF(G10<=90,"61-90","מעל 90")))) | I10: =F10*VLOOKUP(H10,'מדיניות הפרשה'!$A:$B,2,FALSE)
A11: 7010 | B11: רשת מזון השרון | C11: 46108 | D11: 30 | E11: 46138 | F11: 38070 | G11: =MAX(0,DATE(2026,6,30)-E11) | H11: =IF(G11=0,"לא בפיגור",IF(G11<=30,"1-30",IF(G11<=60,"31-60",IF(G11<=90,"61-90","מעל 90")))) | I11: =F11*VLOOKUP(H11,'מדיניות הפרשה'!$A:$B,2,FALSE)
A12: 7011 | B12: מלון הים | C12: 46108 | D12: 60 | E12: 46168 | F12: 46140 | G12: =MAX(0,DATE(2026,6,30)-E12) | H12: =IF(G12=0,"לא בפיגור",IF(G12<=30,"1-30",IF(G12<=60,"31-60",IF(G12<=90,"61-90","מעל 90")))) | I12: =F12*VLOOKUP(H12,'מדיניות הפרשה'!$A:$B,2,FALSE)
A13: 7012 | B13: קייטרינג זהב | C13: 46108 | D13: 45 | E13: 46153 | F13: 16620 | G13: =MAX(0,DATE(2026,6,30)-E13) | H13: =IF(G13=0,"לא בפיגור",IF(G13<=30,"1-30",IF(G13<=60,"31-60",IF(G13<=90,"61-90","מעל 90")))) | I13: =F13*VLOOKUP(H13,'מדיניות הפרשה'!$A:$B,2,FALSE)
... A46: 7045 | B46: מסעדת זית | C46: 46198 | D46: 30 | E46: 46228 | F46: 20340 | G46: =MAX(0,DATE(2026,6,30)-E46) | H46: =IF(G46=0,"לא בפיגור",IF(G46<=30,"1-30",IF(G46<=60,"31-60",IF(G46<=90,"61-90","מעל 90")))) | I46: =F46*VLOOKUP(H46,'מדיניות הפרשה'!$A:$B,2,FALSE)

Sheet מדיניות הפרשה
A1: דלי גיול | B1: שיעור הפרשה
A2: לא בפיגור | B2: 0
A3: 1-30 | B3: 0.01
A4: 31-60 | B4: 0.05
A5: 61-90 | B5: 0.2
A6: מעל 90 | B6: 0.5

Sheet סיכום גיול
A1: דלי | B1: סה"כ יתרה | C1: % מהסך | D1: הפרשה
A2: לא בפיגור | B2: =SUMIFS('חשבוניות פתוחות'!F:F,'חשבוניות פתוחות'!H:H,A2) | C2: =B2/$B$7 | D2: =SUMIFS('חשבוניות פתוחות'!I:I,'חשבוניות פתוחות'!H:H,A2)
A3: 1-30 | B3: =SUMIFS('חשבוניות פתוחות'!F:F,'חשבוניות פתוחות'!H:H,A3) | C3: =B3/$B$7 | D3: =SUMIFS('חשבוניות פתוחות'!I:I,'חשבוניות פתוחות'!H:H,A3)
A4: 31-60 | B4: =SUMIFS('חשבוניות פתוחות'!F:F,'חשבוניות פתוחות'!H:H,A4) | C4: =B4/$B$7 | D4: =SUMIFS('חשבוניות פתוחות'!I:I,'חשבוניות פתוחות'!H:H,A4)
A5: 61-90 | B5: =SUMIFS('חשבוניות פתוחות'!F:F,'חשבוניות פתוחות'!H:H,A5) | C5: =B5/$B$7 | D5: =SUMIFS('חשבוניות פתוחות'!I:I,'חשבוניות פתוחות'!H:H,A5)
A6: מעל 90 | B6: =SUMIFS('חשבוניות פתוחות'!F:F,'חשבוניות פתוחות'!H:H,A6) | C6: =B6/$B$7 | D6: =SUMIFS('חשבוניות פתוחות'!I:I,'חשבוניות פתוחות'!H:H,A6)
A7: סה"כ | B7: =SUM(B2:B6) | D7: =SUM(D2:D6)
A10: 3 הלקוחות עם הכי הרבה חוב מעל 90 יום (אליהם מתקשרים קודם):
A11: מלון הים | B11: 29710
A12: מרכולית הדרום | B12: 29140
A13: מיני מרקט הכפר | B13: 20480
A15: פקודת יומן להפרשה: חובה הוצאות חובות מסופקים / זכות הפרשה לחובות מסופקים (מוצג בקיזוז מהלקוחות במאזן).

Sheet מע"מ יוני
A1: חלק א: עסקאות (מכירות) יוני 2026, סכומים לפני מע"מ
A2: תיאור | B2: סכום לפני מע"מ | C2: סוג | D2: מע"מ עסקאות
A3: מכירת סחורה | B3: 142000 | C3: עסקאות | D3: =IF(C3="יצוא",0,B3*0.18)
A4: מכירת סחורה | B4: 98500 | C4: עסקאות | D4: =IF(C4="יצוא",0,B4*0.18)
A5: שירות אירוע | B5: 36000 | C5: עסקאות | D5: =IF(C5="יצוא",0,B5*0.18)
A6: יצוא ללקוח בחו"ל (מע"מ אפס) | B6: 54000 | C6: יצוא | D6: =IF(C6="יצוא",0,B6*0.18)
A7: מכירת סחורה | B7: 77250 | C7: עסקאות | D7: =IF(C7="יצוא",0,B7*0.18)
A9: חלק ב: תשומות (קניות) יוני 2026, סכומים לפני מע"מ
A10: תיאור | B10: סכום לפני מע"מ | C10: מותר לקיזוז? | D10: מע"מ בחשבונית | E10: מע"מ תשומות לקיזוז
A11: קניית מלאי | B11: 118000 | C11: כן | D11: =B11*0.18 | E11: =IF(LEFT(C11,2)="כן",D11,0)
A12: שכירות משרד | B12: 22000 | C12: כן | D12: =B12*0.18 | E12: =IF(LEFT(C12,2)="כן",D12,0)
A13: ייעוץ משפטי | B13: 8500 | C13: כן | D13: =B13*0.18 | E13: =IF(LEFT(C13,2)="כן",D13,0)
A14: כיבוד וארוחות לעובדים | B14: 3200 | C14: לא (כיבוד אינו מוכר לקיזוז) | D14: =B14*0.18 | E14: =IF(LEFT(C14,2)="כן",D14,0)
A15: מחשבים וציוד | B15: 16400 | C15: כן (ציוד) | D15: =B15*0.18 | E15: =IF(LEFT(C15,2)="כן",D15,0)
A16: דלק לרכב פרטי של מנהל | B16: 2400 | C16: לא (רכב פרטי) | D16: =B16*0.18 | E16: =IF(LEFT(C16,2)="כן",D16,0)
A17: פרסום בגוגל | B17: 9800 | C17: כן | D17: =B17*0.18 | E17: =IF(LEFT(C17,2)="כן",D17,0)
A20: סה"כ מע"מ עסקאות | B20: =SUM(D3:D7)
A21: סה"כ מע"מ תשומות לקיזוז | B21: =SUM(E11:E17)
A22: מע"מ לתשלום (שלילי = החזר) | B22: =B20-B21
A24: בדיקה: מע"מ עסקאות 63,675, תשומות 31,446, לתשלום 32,229 ₪
